row_index,file
0,patient_0001.csv
1,patient_0002.csv
2,patient_0003.csv
3,patient_0004.csv
4,patient_0005.csv
5,patient_0006.csv
6,patient_0007.csv
7,patient_0008.csv
8,patient_0009.csv
9,patient_0010.csv
10,patient_0011.csv
11,patient_0012.csv
12,patient_0013.csv
13,patient_0014.csv
14,patient_0015.csv
15,patient_0016.csv
16,patient_0017.csv
17,patient_0018.csv
18,patient_0019.csv
19,patient_0020.csv
20,patient_0021.csv
21,patient_0022.csv
22,patient_0023.csv
23,patient_0024.csv
24,patient_0025.csv
25,patient_0026.csv
26,patient_0027.csv
27,patient_0028.csv
28,patient_0029.csv
29,patient_0030.csv
30,patient_0031.csv
31,patient_0032.csv
32,patient_0033.csv
33,patient_0034.csv
34,patient_0035.csv
35,patient_0036.csv
36,patient_0037.csv
37,patient_0038.csv
38,patient_0039.csv
39,patient_0040.csv
40,patient_0041.csv
41,patient_0042.csv
42,patient_0043.csv
43,patient_0044.csv
44,patient_0045.csv
45,patient_0046.csv
46,patient_0047.csv
47,patient_0048.csv
48,patient_0049.csv
49,patient_0050.csv
50,patient_0051.csv
51,patient_0052.csv
52,patient_0053.csv
53,patient_0054.csv
54,patient_0055.csv
55,patient_0056.csv
56,patient_0057.csv
57,patient_0058.csv
58,patient_0059.csv
59,patient_0060.csv
60,patient_0061.csv
61,patient_0062.csv
62,patient_0063.csv
63,patient_0064.csv
64,patient_0065.csv
65,patient_0066.csv
66,patient_0067.csv
67,patient_0068.csv
68,patient_0069.csv
69,patient_0070.csv
70,patient_0071.csv
71,patient_0072.csv
72,patient_0073.csv
73,patient_0074.csv
74,patient_0075.csv
75,patient_0076.csv
76,patient_0077.csv
77,patient_0078.csv
78,patient_0079.csv
79,patient_0080.csv
80,patient_0081.csv
81,patient_0082.csv
82,patient_0083.csv
83,patient_0084.csv
84,patient_0085.csv
85,patient_0086.csv
86,patient_0087.csv
87,patient_0088.csv
88,patient_0089.csv
89,patient_0090.csv
90,patient_0091.csv
91,patient_0092.csv
92,patient_0093.csv
93,patient_0094.csv
94,patient_0095.csv
95,patient_0096.csv
96,patient_0097.csv
97,patient_0098.csv
98,patient_0099.csv
99,patient_0100.csv
100,patient_0101.csv
101,patient_0102.csv
102,patient_0103.csv
103,patient_0104.csv
104,patient_0105.csv
105,patient_0106.csv
106,patient_0107.csv
107,patient_0108.csv
108,patient_0109.csv
109,patient_0110.csv
110,patient_0111.csv
111,patient_0112.csv
112,patient_0113.csv
113,patient_0114.csv
114,patient_0115.csv
115,patient_0116.csv
116,patient_0117.csv
117,patient_0118.csv
118,patient_0119.csv
119,patient_0120.csv
120,patient_0121.csv
121,patient_0122.csv
122,patient_0123.csv
123,patient_0124.csv
124,patient_0125.csv
125,patient_0126.csv
126,patient_0127.csv
127,patient_0128.csv
128,patient_0129.csv
129,patient_0130.csv
130,patient_0131.csv
131,patient_0132.csv
132,patient_0133.csv
133,patient_0134.csv
134,patient_0135.csv
135,patient_0136.csv
136,patient_0137.csv
137,patient_0138.csv
138,patient_0139.csv
139,patient_0140.csv
140,patient_0141.csv
141,patient_0142.csv
142,patient_0143.csv
143,patient_0144.csv
144,patient_0145.csv
145,patient_0146.csv
146,patient_0147.csv
147,patient_0148.csv
148,patient_0149.csv
149,patient_0150.csv
150,patient_0151.csv
151,patient_0152.csv
152,patient_0153.csv
153,patient_0154.csv
154,patient_0155.csv
155,patient_0156.csv
156,patient_0157.csv
157,patient_0158.csv
158,patient_0159.csv
159,patient_0160.csv
160,patient_0161.csv
161,patient_0162.csv
162,patient_0163.csv
163,patient_0164.csv
164,patient_0165.csv
165,patient_0166.csv
166,patient_0167.csv
167,patient_0168.csv
168,patient_0169.csv
169,patient_0170.csv
170,patient_0171.csv
171,patient_0172.csv
172,patient_0173.csv
173,patient_0174.csv
174,patient_0175.csv
175,patient_0176.csv
176,patient_0177.csv
177,patient_0178.csv
178,patient_0179.csv
179,patient_0180.csv
180,patient_0181.csv
181,patient_0182.csv
182,patient_0183.csv
183,patient_0184.csv
184,patient_0185.csv
185,patient_0186.csv
186,patient_0187.csv
187,patient_0188.csv
188,patient_0189.csv
189,patient_0190.csv
190,patient_0191.csv
191,patient_0192.csv
192,patient_0193.csv
193,patient_0194.csv
194,patient_0195.csv
195,patient_0196.csv
196,patient_0197.csv
197,patient_0198.csv
198,patient_0199.csv
199,patient_0200.csv
200,patient_0201.csv
201,patient_0202.csv
202,patient_0203.csv
203,patient_0204.csv
204,patient_0205.csv
205,patient_0206.csv
206,patient_0207.csv
207,patient_0208.csv
208,patient_0209.csv
209,patient_0210.csv
210,patient_0211.csv
211,patient_0212.csv
212,patient_0213.csv
213,patient_0214.csv
214,patient_0215.csv
215,patient_0216.csv
216,patient_0217.csv
217,patient_0218.csv
218,patient_0219.csv
219,patient_0220.csv
220,patient_0221.csv
221,patient_0222.csv
222,patient_0223.csv
223,patient_0224.csv
224,patient_0225.csv
225,patient_0226.csv
226,patient_0227.csv
227,patient_0228.csv
228,patient_0229.csv
229,patient_0230.csv
230,patient_0231.csv
231,patient_0232.csv
232,patient_0233.csv
233,patient_0234.csv
234,patient_0235.csv
235,patient_0236.csv
236,patient_0237.csv
237,patient_0238.csv
238,patient_0239.csv
239,patient_0240.csv
240,patient_0241.csv
241,patient_0242.csv
242,patient_0243.csv
243,patient_0244.csv
244,patient_0245.csv
245,patient_0246.csv
246,patient_0247.csv
247,patient_0248.csv
248,patient_0249.csv
249,patient_0250.csv
250,patient_0251.csv
251,patient_0252.csv
252,patient_0253.csv
253,patient_0254.csv
254,patient_0255.csv
255,patient_0256.csv
256,patient_0257.csv
257,patient_0258.csv
258,patient_0259.csv
259,patient_0260.csv
260,patient_0261.csv
261,patient_0262.csv
262,patient_0263.csv
263,patient_0264.csv
264,patient_0265.csv
265,patient_0266.csv
266,patient_0267.csv
267,patient_0268.csv
268,patient_0269.csv
269,patient_0270.csv
270,patient_0271.csv
271,patient_0272.csv
272,patient_0273.csv
273,patient_0274.csv
274,patient_0275.csv
275,patient_0276.csv
276,patient_0277.csv
277,patient_0278.csv
278,patient_0279.csv
279,patient_0280.csv
280,patient_0281.csv
281,patient_0282.csv
282,patient_0283.csv
283,patient_0284.csv
284,patient_0285.csv
285,patient_0286.csv
286,patient_0287.csv
287,patient_0288.csv
288,patient_0289.csv
289,patient_0290.csv
290,patient_0291.csv
291,patient_0292.csv
292,patient_0293.csv
293,patient_0294.csv
294,patient_0295.csv
295,patient_0296.csv
296,patient_0297.csv
297,patient_0298.csv
298,patient_0299.csv
299,patient_0300.csv
300,patient_0301.csv
301,patient_0302.csv
302,patient_0303.csv
303,patient_0304.csv
304,patient_0305.csv
305,patient_0306.csv
306,patient_0307.csv
307,patient_0308.csv
308,patient_0309.csv
309,patient_0310.csv
310,patient_0311.csv
311,patient_0312.csv
312,patient_0313.csv
313,patient_0314.csv
314,patient_0315.csv
315,patient_0316.csv
316,patient_0317.csv
317,patient_0318.csv
318,patient_0319.csv
319,patient_0320.csv
320,patient_0321.csv
321,patient_0322.csv
322,patient_0323.csv
323,patient_0324.csv
324,patient_0325.csv
325,patient_0326.csv
326,patient_0327.csv
327,patient_0328.csv
328,patient_0329.csv
329,patient_0330.csv
330,patient_0331.csv
331,patient_0332.csv
332,patient_0333.csv
333,patient_0334.csv
334,patient_0335.csv
335,patient_0336.csv
336,patient_0337.csv
337,patient_0338.csv
338,patient_0339.csv
339,patient_0340.csv
340,patient_0341.csv
341,patient_0342.csv
342,patient_0343.csv
343,patient_0344.csv
344,patient_0345.csv
345,patient_0346.csv
346,patient_0347.csv
347,patient_0348.csv
348,patient_0349.csv
349,patient_0350.csv
350,patient_0351.csv
351,patient_0352.csv
352,patient_0353.csv
353,patient_0354.csv
354,patient_0355.csv
355,patient_0356.csv
356,patient_0357.csv
357,patient_0358.csv
358,patient_0359.csv
359,patient_0360.csv
360,patient_0361.csv
361,patient_0362.csv
362,patient_0363.csv
363,patient_0364.csv
364,patient_0365.csv
365,patient_0366.csv
366,patient_0367.csv
367,patient_0368.csv
368,patient_0369.csv
369,patient_0370.csv
370,patient_0371.csv
371,patient_0372.csv
372,patient_0373.csv
373,patient_0374.csv
374,patient_0375.csv
375,patient_0376.csv
376,patient_0377.csv
377,patient_0378.csv
378,patient_0379.csv
379,patient_0380.csv
380,patient_0381.csv
381,patient_0382.csv
382,patient_0383.csv
383,patient_0384.csv
384,patient_0385.csv
385,patient_0386.csv
386,patient_0387.csv
387,patient_0388.csv
388,patient_0389.csv
389,patient_0390.csv
390,patient_0391.csv
391,patient_0392.csv
392,patient_0393.csv
393,patient_0394.csv
394,patient_0395.csv
395,patient_0396.csv
396,patient_0397.csv
397,patient_0398.csv
398,patient_0399.csv
399,patient_0400.csv
400,patient_0401.csv
401,patient_0402.csv
402,patient_0403.csv
403,patient_0404.csv
404,patient_0405.csv
405,patient_0406.csv
406,patient_0407.csv
407,patient_0408.csv
408,patient_0409.csv
409,patient_0410.csv
410,patient_0411.csv
411,patient_0412.csv
412,patient_0413.csv
413,patient_0414.csv
414,patient_0415.csv
415,patient_0416.csv
416,patient_0417.csv
417,patient_0418.csv
418,patient_0419.csv
419,patient_0420.csv
420,patient_0421.csv
421,patient_0422.csv
422,patient_0423.csv
423,patient_0424.csv
424,patient_0425.csv
425,patient_0426.csv
426,patient_0427.csv
427,patient_0428.csv
428,patient_0429.csv
429,patient_0430.csv
430,patient_0431.csv
431,patient_0432.csv
432,patient_0433.csv
433,patient_0434.csv
434,patient_0435.csv
435,patient_0436.csv
436,patient_0437.csv
437,patient_0438.csv
438,patient_0439.csv
439,patient_0440.csv
440,patient_0441.csv
441,patient_0442.csv
442,patient_0443.csv
443,patient_0444.csv
444,patient_0445.csv
445,patient_0446.csv
446,patient_0447.csv
447,patient_0448.csv
448,patient_0449.csv
449,patient_0450.csv
450,patient_0451.csv
451,patient_0452.csv
452,patient_0453.csv
453,patient_0454.csv
454,patient_0455.csv
455,patient_0456.csv
456,patient_0457.csv
457,patient_0458.csv
458,patient_0459.csv
459,patient_0460.csv
460,patient_0461.csv
461,patient_0462.csv
462,patient_0463.csv
463,patient_0464.csv
464,patient_0465.csv
465,patient_0466.csv
466,patient_0467.csv
467,patient_0468.csv
468,patient_0469.csv
469,patient_0470.csv
470,patient_0471.csv
471,patient_0472.csv
472,patient_0473.csv
473,patient_0474.csv
474,patient_0475.csv
475,patient_0476.csv
476,patient_0477.csv
477,patient_0478.csv
478,patient_0479.csv
479,patient_0480.csv
480,patient_0481.csv
481,patient_0482.csv
482,patient_0483.csv
483,patient_0484.csv
484,patient_0485.csv
485,patient_0486.csv
486,patient_0487.csv
487,patient_0488.csv
488,patient_0489.csv
489,patient_0490.csv
490,patient_0491.csv
491,patient_0492.csv
492,patient_0493.csv
493,patient_0494.csv
494,patient_0495.csv
495,patient_0496.csv
496,patient_0497.csv
497,patient_0498.csv
498,patient_0499.csv
499,patient_0500.csv
500,patient_0501.csv
501,patient_0502.csv
502,patient_0503.csv
503,patient_0504.csv
504,patient_0505.csv
505,patient_0506.csv
506,patient_0507.csv
507,patient_0508.csv
508,patient_0509.csv
509,patient_0510.csv
510,patient_0511.csv
511,patient_0512.csv
512,patient_0513.csv
513,patient_0514.csv
514,patient_0515.csv
515,patient_0516.csv
516,patient_0517.csv
517,patient_0518.csv
518,patient_0519.csv
519,patient_0520.csv
520,patient_0521.csv
521,patient_0522.csv
522,patient_0523.csv
523,patient_0524.csv
524,patient_0525.csv
525,patient_0526.csv
526,patient_0527.csv
527,patient_0528.csv
528,patient_0529.csv
529,patient_0530.csv
530,patient_0531.csv
